{
  "language": "english",
  "target": "'/home/manu/miniconda3/envs/tps/bin/python' -u 'set_up_GUI.py'",
  "suppress_gooey_flag": false,
  "program_name": "Tripartite Synapse v1.0",
  "program_description": "Tripartite Synapse: v1.0",
  "sidebar_title": "Actions",
  "default_size": [
    610,
    530
  ],
  "auto_start": false,
  "show_advanced": true,
  "run_validators": true,
  "encoding": "utf-8",
  "show_stop_warning": true,
  "show_success_modal": true,
  "show_failure_modal": true,
  "force_stop_is_error": true,
  "poll_external_updates": false,
  "return_to_config": false,
  "show_restart_button": true,
  "requires_shell": true,
  "menu": [],
  "clear_before_run": false,
  "use_legacy_titles": true,
  "num_required_cols": 2,
  "num_optional_cols": 2,
  "manual_start": false,
  "monospace_display": false,
  "image_dir": "::gooey/default",
  "language_dir": "/home/manu/miniconda3/envs/tps/lib/python3.7/site-packages/gooey/languages",
  "progress_regex": null,
  "progress_expr": null,
  "hide_progress_msg": false,
  "disable_progress_bar_animation": false,
  "disable_stop_button": false,
  "navigation": "SIDEBAR",
  "show_sidebar": true,
  "tabbed_groups": false,
  "group_by_type": true,
  "body_bg_color": "#f0f0f0",
  "header_bg_color": "#ffffff",
  "header_height": 80,
  "header_show_title": true,
  "header_show_subtitle": true,
  "header_image_center": false,
  "footer_bg_color": "#f0f0f0",
  "sidebar_bg_color": "#f2f2f2",
  "terminal_panel_color": "#F0F0F0",
  "terminal_font_color": "#000000",
  "terminal_font_family": null,
  "terminal_font_weight": null,
  "terminal_font_size": null,
  "richtext_controls": false,
  "error_color": "#ea7878",
  "layout": "standard",
  "widgets": {
    "EnergyDeprivation": {
      "command": "EnergyDeprivation",
      "name": "EnergyDeprivation",
      "help": null,
      "description": "",
      "contents": [
        {
          "name": "optional_args_msg",
          "items": [
            {
              "id": "--ECS",
              "type": "TextField",
              "cli_type": "optional",
              "required": false,
              "data": {
                "display_name": "ECS",
                "help": "Initial extracellular volume fraction",
                "required": false,
                "nargs": "",
                "commands": [
                  "--ECS"
                ],
                "choices": [],
                "default": 0.2,
                "dest": "ECS"
              },
              "options": {
                "error_color": "#ea7878",
                "label_color": "#000000",
                "help_color": "#363636",
                "full_width": false,
                "validator": {
                  "test": "True",
                  "message": ""
                },
                "external_validator": {
                  "cmd": ""
                }
              }
            },
            {
              "id": "--tfinal",
              "type": "TextField",
              "cli_type": "optional",
              "required": false,
              "data": {
                "display_name": "tfinal",
                "help": "Simulation duration (in min.)",
                "required": false,
                "nargs": "",
                "commands": [
                  "--tfinal"
                ],
                "choices": [],
                "default": 100,
                "dest": "tfinal"
              },
              "options": {
                "error_color": "#ea7878",
                "label_color": "#000000",
                "help_color": "#363636",
                "full_width": false,
                "validator": {
                  "test": "True",
                  "message": ""
                },
                "external_validator": {
                  "cmd": ""
                }
              }
            },
            {
              "id": "--tstart",
              "type": "TextField",
              "cli_type": "optional",
              "required": false,
              "data": {
                "display_name": "tstart",
                "help": "Onset of energy deprivation (in min.)",
                "required": false,
                "nargs": "",
                "commands": [
                  "--tstart"
                ],
                "choices": [],
                "default": 20,
                "dest": "tstart"
              },
              "options": {
                "error_color": "#ea7878",
                "label_color": "#000000",
                "help_color": "#363636",
                "full_width": false,
                "validator": {
                  "test": "True",
                  "message": ""
                },
                "external_validator": {
                  "cmd": ""
                }
              }
            },
            {
              "id": "--tend",
              "type": "TextField",
              "cli_type": "optional",
              "required": false,
              "data": {
                "display_name": "tend",
                "help": "Offset of energy deprivation (in min.)",
                "required": false,
                "nargs": "",
                "commands": [
                  "--tend"
                ],
                "choices": [],
                "default": 30,
                "dest": "tend"
              },
              "options": {
                "error_color": "#ea7878",
                "label_color": "#000000",
                "help_color": "#363636",
                "full_width": false,
                "validator": {
                  "test": "True",
                  "message": ""
                },
                "external_validator": {
                  "cmd": ""
                }
              }
            },
            {
              "id": "--EnergyAvailable",
              "type": "TextField",
              "cli_type": "optional",
              "required": false,
              "data": {
                "display_name": "EnergyAvailable",
                "help": "Minimum available energy during ED (fraction)",
                "required": false,
                "nargs": "",
                "commands": [
                  "--EnergyAvailable"
                ],
                "choices": [],
                "default": 0.5,
                "dest": "EnergyAvailable"
              },
              "options": {
                "error_color": "#ea7878",
                "label_color": "#000000",
                "help_color": "#363636",
                "full_width": false,
                "validator": {
                  "test": "True",
                  "message": ""
                },
                "external_validator": {
                  "cmd": ""
                }
              }
            },
            {
              "id": "--solve",
              "type": "CheckBox",
              "cli_type": "optional",
              "required": false,
              "data": {
                "display_name": "solve",
                "help": null,
                "required": false,
                "nargs": "",
                "commands": [
                  "--solve"
                ],
                "choices": [],
                "default": false,
                "dest": "solve"
              },
              "options": {
                "error_color": "#ea7878",
                "label_color": "#000000",
                "help_color": "#363636",
                "full_width": false,
                "validator": {
                  "test": "True",
                  "message": ""
                },
                "external_validator": {
                  "cmd": ""
                }
              }
            },
            {
              "id": "--nogates",
              "type": "CheckBox",
              "cli_type": "optional",
              "required": false,
              "data": {
                "display_name": "nogates",
                "help": "Set gates to steady state?",
                "required": false,
                "nargs": "",
                "commands": [
                  "--nogates"
                ],
                "choices": [],
                "default": false,
                "dest": "nogates"
              },
              "options": {
                "error_color": "#ea7878",
                "label_color": "#000000",
                "help_color": "#363636",
                "full_width": false,
                "validator": {
                  "test": "True",
                  "message": ""
                },
                "external_validator": {
                  "cmd": ""
                }
              }
            },
            {
              "id": "--savenumpy",
              "type": "CheckBox",
              "cli_type": "optional",
              "required": false,
              "data": {
                "display_name": "savenumpy",
                "help": "Save data?",
                "required": false,
                "nargs": "",
                "commands": [
                  "--savenumpy"
                ],
                "choices": [],
                "default": false,
                "dest": "savenumpy"
              },
              "options": {
                "error_color": "#ea7878",
                "label_color": "#000000",
                "help_color": "#363636",
                "full_width": false,
                "validator": {
                  "test": "True",
                  "message": ""
                },
                "external_validator": {
                  "cmd": ""
                }
              }
            },
            {
              "id": "--Plot",
              "type": "CheckBox",
              "cli_type": "optional",
              "required": false,
              "data": {
                "display_name": "Plot",
                "help": "Plot?",
                "required": false,
                "nargs": "",
                "commands": [
                  "--Plot"
                ],
                "choices": [],
                "default": false,
                "dest": "Plot"
              },
              "options": {
                "error_color": "#ea7878",
                "label_color": "#000000",
                "help_color": "#363636",
                "full_width": false,
                "validator": {
                  "test": "True",
                  "message": ""
                },
                "external_validator": {
                  "cmd": ""
                }
              }
            }
          ],
          "groups": [],
          "description": null,
          "options": {
            "label_color": "#000000",
            "description_color": "#363636",
            "legacy": {
              "required_cols": 2,
              "optional_cols": 2
            },
            "columns": 2,
            "padding": 10,
            "show_border": false
          }
        }
      ]
    },
    "Excitation": {
      "command": "Excitation",
      "name": "Excitation",
      "help": null,
      "description": "",
      "contents": [
        {
          "name": "optional_args_msg",
          "items": [
            {
              "id": "--ECS",
              "type": "TextField",
              "cli_type": "optional",
              "required": false,
              "data": {
                "display_name": "ECS",
                "help": "Initial extracellular volume fraction",
                "required": false,
                "nargs": "",
                "commands": [
                  "--ECS"
                ],
                "choices": [],
                "default": 0.2,
                "dest": "ECS"
              },
              "options": {
                "error_color": "#ea7878",
                "label_color": "#000000",
                "help_color": "#363636",
                "full_width": false,
                "validator": {
                  "test": "True",
                  "message": ""
                },
                "external_validator": {
                  "cmd": ""
                }
              }
            },
            {
              "id": "--tfinal",
              "type": "TextField",
              "cli_type": "optional",
              "required": false,
              "data": {
                "display_name": "tfinal",
                "help": "Simulation duration (in min.)",
                "required": false,
                "nargs": "",
                "commands": [
                  "--tfinal"
                ],
                "choices": [],
                "default": 100,
                "dest": "tfinal"
              },
              "options": {
                "error_color": "#ea7878",
                "label_color": "#000000",
                "help_color": "#363636",
                "full_width": false,
                "validator": {
                  "test": "True",
                  "message": ""
                },
                "external_validator": {
                  "cmd": ""
                }
              }
            },
            {
              "id": "--StartExcitation",
              "type": "TextField",
              "cli_type": "optional",
              "required": false,
              "data": {
                "display_name": "StartExcitation",
                "help": "Onset of excitation (in min.)",
                "required": false,
                "nargs": "",
                "commands": [
                  "--StartExcitation"
                ],
                "choices": [],
                "default": 1,
                "dest": "StartExcitation"
              },
              "options": {
                "error_color": "#ea7878",
                "label_color": "#000000",
                "help_color": "#363636",
                "full_width": false,
                "validator": {
                  "test": "True",
                  "message": ""
                },
                "external_validator": {
                  "cmd": ""
                }
              }
            },
            {
              "id": "--EndExcitation",
              "type": "TextField",
              "cli_type": "optional",
              "required": false,
              "data": {
                "display_name": "EndExcitation",
                "help": "Offset of excitation (in min.)",
                "required": false,
                "nargs": "",
                "commands": [
                  "--EndExcitation"
                ],
                "choices": [],
                "default": 15,
                "dest": "EndExcitation"
              },
              "options": {
                "error_color": "#ea7878",
                "label_color": "#000000",
                "help_color": "#363636",
                "full_width": false,
                "validator": {
                  "test": "True",
                  "message": ""
                },
                "external_validator": {
                  "cmd": ""
                }
              }
            },
            {
              "id": "--Current",
              "type": "TextField",
              "cli_type": "optional",
              "required": false,
              "data": {
                "display_name": "Current",
                "help": "Injected current (in pA)",
                "required": false,
                "nargs": "",
                "commands": [
                  "--Current"
                ],
                "choices": [],
                "default": 20,
                "dest": "Current"
              },
              "options": {
                "error_color": "#ea7878",
                "label_color": "#000000",
                "help_color": "#363636",
                "full_width": false,
                "validator": {
                  "test": "True",
                  "message": ""
                },
                "external_validator": {
                  "cmd": ""
                }
              }
            },
            {
              "id": "--Wavelength",
              "type": "TextField",
              "cli_type": "optional",
              "required": false,
              "data": {
                "display_name": "Wavelength",
                "help": "Pulse wavelength(in min.)",
                "required": false,
                "nargs": "",
                "commands": [
                  "--Wavelength"
                ],
                "choices": [],
                "default": 20,
                "dest": "Wavelength"
              },
              "options": {
                "error_color": "#ea7878",
                "label_color": "#000000",
                "help_color": "#363636",
                "full_width": false,
                "validator": {
                  "test": "True",
                  "message": ""
                },
                "external_validator": {
                  "cmd": ""
                }
              }
            },
            {
              "id": "--Duty",
              "type": "TextField",
              "cli_type": "optional",
              "required": false,
              "data": {
                "display_name": "Duty",
                "help": "Duty of injected pulse (fraction)",
                "required": false,
                "nargs": "",
                "commands": [
                  "--Duty"
                ],
                "choices": [],
                "default": 0.95,
                "dest": "Duty"
              },
              "options": {
                "error_color": "#ea7878",
                "label_color": "#000000",
                "help_color": "#363636",
                "full_width": false,
                "validator": {
                  "test": "True",
                  "message": ""
                },
                "external_validator": {
                  "cmd": ""
                }
              }
            },
            {
              "id": "--BlockAstrocyte",
              "type": "CheckBox",
              "cli_type": "optional",
              "required": false,
              "data": {
                "display_name": "BlockAstrocyte",
                "help": "Block astrocyte gradients too?",
                "required": false,
                "nargs": "",
                "commands": [
                  "--BlockAstrocyte"
                ],
                "choices": [],
                "default": 0.5,
                "dest": "BlockAstrocyte"
              },
              "options": {
                "error_color": "#ea7878",
                "label_color": "#000000",
                "help_color": "#363636",
                "full_width": false,
                "validator": {
                  "test": "True",
                  "message": ""
                },
                "external_validator": {
                  "cmd": ""
                }
              }
            },
            {
              "id": "--nogates",
              "type": "CheckBox",
              "cli_type": "optional",
              "required": false,
              "data": {
                "display_name": "nogates",
                "help": "Set gates to steady state?",
                "required": false,
                "nargs": "",
                "commands": [
                  "--nogates"
                ],
                "choices": [],
                "default": false,
                "dest": "nogates"
              },
              "options": {
                "error_color": "#ea7878",
                "label_color": "#000000",
                "help_color": "#363636",
                "full_width": false,
                "validator": {
                  "test": "True",
                  "message": ""
                },
                "external_validator": {
                  "cmd": ""
                }
              }
            },
            {
              "id": "--solve",
              "type": "CheckBox",
              "cli_type": "optional",
              "required": false,
              "data": {
                "display_name": "solve",
                "help": null,
                "required": false,
                "nargs": "",
                "commands": [
                  "--solve"
                ],
                "choices": [],
                "default": false,
                "dest": "solve"
              },
              "options": {
                "error_color": "#ea7878",
                "label_color": "#000000",
                "help_color": "#363636",
                "full_width": false,
                "validator": {
                  "test": "True",
                  "message": ""
                },
                "external_validator": {
                  "cmd": ""
                }
              }
            },
            {
              "id": "--savenumpy",
              "type": "CheckBox",
              "cli_type": "optional",
              "required": false,
              "data": {
                "display_name": "savenumpy",
                "help": "Save data?",
                "required": false,
                "nargs": "",
                "commands": [
                  "--savenumpy"
                ],
                "choices": [],
                "default": false,
                "dest": "savenumpy"
              },
              "options": {
                "error_color": "#ea7878",
                "label_color": "#000000",
                "help_color": "#363636",
                "full_width": false,
                "validator": {
                  "test": "True",
                  "message": ""
                },
                "external_validator": {
                  "cmd": ""
                }
              }
            },
            {
              "id": "--Plot",
              "type": "CheckBox",
              "cli_type": "optional",
              "required": false,
              "data": {
                "display_name": "Plot",
                "help": "Plot?",
                "required": false,
                "nargs": "",
                "commands": [
                  "--Plot"
                ],
                "choices": [],
                "default": false,
                "dest": "Plot"
              },
              "options": {
                "error_color": "#ea7878",
                "label_color": "#000000",
                "help_color": "#363636",
                "full_width": false,
                "validator": {
                  "test": "True",
                  "message": ""
                },
                "external_validator": {
                  "cmd": ""
                }
              }
            }
          ],
          "groups": [],
          "description": null,
          "options": {
            "label_color": "#000000",
            "description_color": "#363636",
            "legacy": {
              "required_cols": 2,
              "optional_cols": 2
            },
            "columns": 2,
            "padding": 10,
            "show_border": false
          }
        }
      ]
    }
  }
}